id,name,amount
1,Row 1,7.00
2,Row 2,14.00
3,Row 3,21.00
4,Row 4,28.00
5,Row 5,35.00
6,Row 6,42.00
7,Row 7,49.00
8,Row 8,56.00
9,Row 9,63.00
10,Row 10,70.00
11,Row 11,77.00
12,Row 12,84.00
13,Row 13,91.00
14,Row 14,98.00
15,Row 15,105.00
16,Row 16,112.00
17,Row 17,119.00
18,Row 18,126.00
19,Row 19,133.00
20,Row 20,140.00
21,Row 21,147.00
22,Row 22,154.00
23,Row 23,161.00
24,Row 24,168.00
25,Row 25,175.00
26,Row 26,182.00
27,Row 27,189.00
28,Row 28,196.00
29,Row 29,203.00
30,Row 30,210.00
31,Row 31,217.00
32,Row 32,224.00
33,Row 33,231.00
34,Row 34,238.00
35,Row 35,245.00
36,Row 36,252.00
37,Row 37,259.00
38,Row 38,266.00
39,Row 39,273.00
40,Row 40,280.00
41,Row 41,287.00
42,Row 42,294.00
43,Row 43,301.00
44,Row 44,308.00
45,Row 45,315.00
46,Row 46,322.00
47,Row 47,329.00
48,Row 48,336.00
49,Row 49,343.00
50,Row 50,350.00
51,Row 51,357.00
52,Row 52,364.00
53,Row 53,371.00
54,Row 54,378.00
55,Row 55,385.00
56,Row 56,392.00
57,Row 57,399.00
58,Row 58,406.00
59,Row 59,413.00
60,Row 60,420.00
61,Row 61,427.00
62,Row 62,434.00
63,Row 63,441.00
64,Row 64,448.00
65,Row 65,455.00
66,Row 66,462.00
67,Row 67,469.00
68,Row 68,476.00
69,Row 69,483.00
70,Row 70,490.00
71,Row 71,497.00
72,Row 72,504.00
73,Row 73,511.00
74,Row 74,518.00
75,Row 75,525.00
76,Row 76,532.00
77,Row 77,539.00
78,Row 78,546.00
79,Row 79,553.00
80,Row 80,560.00
81,Row 81,567.00
82,Row 82,574.00
83,Row 83,581.00
84,Row 84,588.00
85,Row 85,595.00
86,Row 86,602.00
87,Row 87,609.00
88,Row 88,616.00
89,Row 89,623.00
90,Row 90,630.00
91,Row 91,637.00
92,Row 92,644.00
93,Row 93,651.00
94,Row 94,658.00
95,Row 95,665.00
96,Row 96,672.00
97,Row 97,679.00
98,Row 98,686.00
99,Row 99,693.00
100,Row 100,700.00
101,Row 101,707.00
102,Row 102,714.00
103,Row 103,721.00
104,Row 104,728.00
105,Row 105,735.00
106,Row 106,742.00
107,Row 107,749.00
108,Row 108,756.00
109,Row 109,763.00
110,Row 110,770.00
111,Row 111,777.00
112,Row 112,784.00
113,Row 113,791.00
114,Row 114,798.00
115,Row 115,805.00
116,Row 116,812.00
117,Row 117,819.00
118,Row 118,826.00
119,Row 119,833.00
120,Row 120,840.00
121,Row 121,847.00
122,Row 122,854.00
123,Row 123,861.00
124,Row 124,868.00
125,Row 125,875.00
126,Row 126,882.00
127,Row 127,889.00
128,Row 128,896.00
129,Row 129,903.00
130,Row 130,910.00
131,Row 131,917.00
132,Row 132,924.00
133,Row 133,931.00
134,Row 134,938.00
135,Row 135,945.00
136,Row 136,952.00
137,Row 137,959.00
138,Row 138,966.00
139,Row 139,973.00
140,Row 140,980.00
141,Row 141,987.00
142,Row 142,994.00
143,Row 143,1.00
144,Row 144,8.00
145,Row 145,15.00
146,Row 146,22.00
147,Row 147,29.00
148,Row 148,36.00
149,Row 149,43.00
150,Row 150,50.00
151,Row 151,57.00
152,Row 152,64.00
153,Row 153,71.00
154,Row 154,78.00
155,Row 155,85.00
156,Row 156,92.00
157,Row 157,99.00
158,Row 158,106.00
159,Row 159,113.00
160,Row 160,120.00
161,Row 161,127.00
162,Row 162,134.00
163,Row 163,141.00
164,Row 164,148.00
165,Row 165,155.00
166,Row 166,162.00
167,Row 167,169.00
168,Row 168,176.00
169,Row 169,183.00
170,Row 170,190.00
171,Row 171,197.00
172,Row 172,204.00
173,Row 173,211.00
174,Row 174,218.00
175,Row 175,225.00
176,Row 176,232.00
177,Row 177,239.00
178,Row 178,246.00
179,Row 179,253.00
180,Row 180,260.00
181,Row 181,267.00
182,Row 182,274.00
183,Row 183,281.00
184,Row 184,288.00
185,Row 185,295.00
186,Row 186,302.00
187,Row 187,309.00
188,Row 188,316.00
189,Row 189,323.00
190,Row 190,330.00
191,Row 191,337.00
192,Row 192,344.00
193,Row 193,351.00
194,Row 194,358.00
195,Row 195,365.00
196,Row 196,372.00
197,Row 197,379.00
198,Row 198,386.00
199,Row 199,393.00
200,Row 200,400.00
201,Row 201,407.00
202,Row 202,414.00
203,Row 203,421.00
204,Row 204,428.00
205,Row 205,435.00
206,Row 206,442.00
207,Row 207,449.00
208,Row 208,456.00
209,Row 209,463.00
210,Row 210,470.00
211,Row 211,477.00
212,Row 212,484.00
213,Row 213,491.00
214,Row 214,498.00
215,Row 215,505.00
216,Row 216,512.00
217,Row 217,519.00
218,Row 218,526.00
219,Row 219,533.00
220,Row 220,540.00
221,Row 221,547.00
222,Row 222,554.00
223,Row 223,561.00
224,Row 224,568.00
225,Row 225,575.00
226,Row 226,582.00
227,Row 227,589.00
228,Row 228,596.00
229,Row 229,603.00
230,Row 230,610.00
231,Row 231,617.00
232,Row 232,624.00
233,Row 233,631.00
234,Row 234,638.00
235,Row 235,645.00
236,Row 236,652.00
237,Row 237,659.00
238,Row 238,666.00
239,Row 239,673.00
240,Row 240,680.00
241,Row 241,687.00
242,Row 242,694.00
243,Row 243,701.00
244,Row 244,708.00
245,Row 245,715.00
246,Row 246,722.00
247,Row 247,729.00
248,Row 248,736.00
249,Row 249,743.00
250,Row 250,750.00
251,Row 251,757.00
252,Row 252,764.00
253,Row 253,771.00
254,Row 254,778.00
255,Row 255,785.00
256,Row 256,792.00
257,Row 257,799.00
258,Row 258,806.00
259,Row 259,813.00
260,Row 260,820.00
261,Row 261,827.00
262,Row 262,834.00
263,Row 263,841.00
264,Row 264,848.00
265,Row 265,855.00
266,Row 266,862.00
267,Row 267,869.00
268,Row 268,876.00
269,Row 269,883.00
270,Row 270,890.00
271,Row 271,897.00
272,Row 272,904.00
273,Row 273,911.00
274,Row 274,918.00
275,Row 275,925.00
276,Row 276,932.00
277,Row 277,939.00
278,Row 278,946.00
279,Row 279,953.00
280,Row 280,960.00
281,Row 281,967.00
282,Row 282,974.00
283,Row 283,981.00
284,Row 284,988.00
285,Row 285,995.00
286,Row 286,2.00
287,Row 287,9.00
288,Row 288,16.00
289,Row 289,23.00
290,Row 290,30.00
291,Row 291,37.00
292,Row 292,44.00
293,Row 293,51.00
294,Row 294,58.00
295,Row 295,65.00
296,Row 296,72.00
297,Row 297,79.00
298,Row 298,86.00
299,Row 299,93.00
300,Row 300,100.00
301,Row 301,107.00
302,Row 302,114.00
303,Row 303,121.00
304,Row 304,128.00
305,Row 305,135.00
306,Row 306,142.00
307,Row 307,149.00
308,Row 308,156.00
309,Row 309,163.00
310,Row 310,170.00
311,Row 311,177.00
312,Row 312,184.00
313,Row 313,191.00
314,Row 314,198.00
315,Row 315,205.00
316,Row 316,212.00
317,Row 317,219.00
318,Row 318,226.00
319,Row 319,233.00
320,Row 320,240.00
321,Row 321,247.00
322,Row 322,254.00
323,Row 323,261.00
324,Row 324,268.00
325,Row 325,275.00
326,Row 326,282.00
327,Row 327,289.00
328,Row 328,296.00
329,Row 329,303.00
330,Row 330,310.00
331,Row 331,317.00
332,Row 332,324.00
333,Row 333,331.00
334,Row 334,338.00
335,Row 335,345.00
336,Row 336,352.00
337,Row 337,359.00
338,Row 338,366.00
339,Row 339,373.00
340,Row 340,380.00
341,Row 341,387.00
342,Row 342,394.00
343,Row 343,401.00
344,Row 344,408.00
345,Row 345,415.00
346,Row 346,422.00
347,Row 347,429.00
348,Row 348,436.00
349,Row 349,443.00
350,Row 350,450.00
351,Row 351,457.00
352,Row 352,464.00
353,Row 353,471.00
354,Row 354,478.00
355,Row 355,485.00
356,Row 356,492.00
357,Row 357,499.00
358,Row 358,506.00
359,Row 359,513.00
360,Row 360,520.00
361,Row 361,527.00
362,Row 362,534.00
363,Row 363,541.00
364,Row 364,548.00
365,Row 365,555.00
366,Row 366,562.00
367,Row 367,569.00
368,Row 368,576.00
369,Row 369,583.00
370,Row 370,590.00
371,Row 371,597.00
372,Row 372,604.00
373,Row 373,611.00
374,Row 374,618.00
375,Row 375,625.00
376,Row 376,632.00
377,Row 377,639.00
378,Row 378,646.00
379,Row 379,653.00
380,Row 380,660.00
381,Row 381,667.00
382,Row 382,674.00
383,Row 383,681.00
384,Row 384,688.00
385,Row 385,695.00
386,Row 386,702.00
387,Row 387,709.00
388,Row 388,716.00
389,Row 389,723.00
390,Row 390,730.00
391,Row 391,737.00
392,Row 392,744.00
393,Row 393,751.00
394,Row 394,758.00
395,Row 395,765.00
396,Row 396,772.00
397,Row 397,779.00
398,Row 398,786.00
399,Row 399,793.00
400,Row 400,800.00
401,Row 401,807.00
402,Row 402,814.00
403,Row 403,821.00
404,Row 404,828.00
405,Row 405,835.00
406,Row 406,842.00
407,Row 407,849.00
408,Row 408,856.00
409,Row 409,863.00
410,Row 410,870.00
411,Row 411,877.00
412,Row 412,884.00
413,Row 413,891.00
414,Row 414,898.00
415,Row 415,905.00
416,Row 416,912.00
417,Row 417,919.00
418,Row 418,926.00
419,Row 419,933.00
420,Row 420,940.00
421,Row 421,947.00
422,Row 422,954.00
423,Row 423,961.00
424,Row 424,968.00
425,Row 425,975.00
426,Row 426,982.00
427,Row 427,989.00
428,Row 428,996.00
429,Row 429,3.00
430,Row 430,10.00
431,Row 431,17.00
432,Row 432,24.00
433,Row 433,31.00
434,Row 434,38.00
435,Row 435,45.00
436,Row 436,52.00
437,Row 437,59.00
438,Row 438,66.00
439,Row 439,73.00
440,Row 440,80.00
441,Row 441,87.00
442,Row 442,94.00
443,Row 443,101.00
444,Row 444,108.00
445,Row 445,115.00
446,Row 446,122.00
447,Row 447,129.00
448,Row 448,136.00
449,Row 449,143.00
450,Row 450,150.00
451,Row 451,157.00
452,Row 452,164.00
453,Row 453,171.00
454,Row 454,178.00
455,Row 455,185.00
456,Row 456,192.00
457,Row 457,199.00
458,Row 458,206.00
459,Row 459,213.00
460,Row 460,220.00
461,Row 461,227.00
462,Row 462,234.00
463,Row 463,241.00
464,Row 464,248.00
465,Row 465,255.00
466,Row 466,262.00
467,Row 467,269.00
468,Row 468,276.00
469,Row 469,283.00
470,Row 470,290.00
471,Row 471,297.00
472,Row 472,304.00
473,Row 473,311.00
474,Row 474,318.00
475,Row 475,325.00
476,Row 476,332.00
477,Row 477,339.00
478,Row 478,346.00
479,Row 479,353.00
480,Row 480,360.00
481,Row 481,367.00
482,Row 482,374.00
483,Row 483,381.00
484,Row 484,388.00
485,Row 485,395.00
486,Row 486,402.00
487,Row 487,409.00
488,Row 488,416.00
489,Row 489,423.00
490,Row 490,430.00
491,Row 491,437.00
492,Row 492,444.00
493,Row 493,451.00
494,Row 494,458.00
495,Row 495,465.00
496,Row 496,472.00
497,Row 497,479.00
498,Row 498,486.00
499,Row 499,493.00
500,Row 500,500.00
501,Row 501,507.00
502,Row 502,514.00
503,Row 503,521.00
504,Row 504,528.00
505,Row 505,535.00
506,Row 506,542.00
507,Row 507,549.00
508,Row 508,556.00
509,Row 509,563.00
510,Row 510,570.00
511,Row 511,577.00
512,Row 512,584.00
513,Row 513,591.00
514,Row 514,598.00
515,Row 515,605.00
516,Row 516,612.00
517,Row 517,619.00
518,Row 518,626.00
519,Row 519,633.00
520,Row 520,640.00
521,Row 521,647.00
522,Row 522,654.00
523,Row 523,661.00
524,Row 524,668.00
525,Row 525,675.00
526,Row 526,682.00
527,Row 527,689.00
528,Row 528,696.00
529,Row 529,703.00
530,Row 530,710.00
531,Row 531,717.00
532,Row 532,724.00
533,Row 533,731.00
534,Row 534,738.00
535,Row 535,745.00
536,Row 536,752.00
537,Row 537,759.00
538,Row 538,766.00
539,Row 539,773.00
540,Row 540,780.00
541,Row 541,787.00
542,Row 542,794.00
543,Row 543,801.00
544,Row 544,808.00
545,Row 545,815.00
546,Row 546,822.00
547,Row 547,829.00
548,Row 548,836.00
549,Row 549,843.00
550,Row 550,850.00
551,Row 551,857.00
552,Row 552,864.00
553,Row 553,871.00
554,Row 554,878.00
555,Row 555,885.00
556,Row 556,892.00
557,Row 557,899.00
558,Row 558,906.00
559,Row 559,913.00
560,Row 560,920.00
561,Row 561,927.00
562,Row 562,934.00
563,Row 563,941.00
564,Row 564,948.00
565,Row 565,955.00
566,Row 566,962.00
567,Row 567,969.00
568,Row 568,976.00
569,Row 569,983.00
570,Row 570,990.00
571,Row 571,997.00
572,Row 572,4.00
573,Row 573,11.00
574,Row 574,18.00
575,Row 575,25.00
576,Row 576,32.00
577,Row 577,39.00
578,Row 578,46.00
579,Row 579,53.00
580,Row 580,60.00
581,Row 581,67.00
582,Row 582,74.00
583,Row 583,81.00
584,Row 584,88.00
585,Row 585,95.00
586,Row 586,102.00
587,Row 587,109.00
588,Row 588,116.00
589,Row 589,123.00
590,Row 590,130.00
591,Row 591,137.00
592,Row 592,144.00
593,Row 593,151.00
594,Row 594,158.00
595,Row 595,165.00
596,Row 596,172.00
597,Row 597,179.00
598,Row 598,186.00
599,Row 599,193.00
600,Row 600,200.00
601,Row 601,207.00
602,Row 602,214.00
603,Row 603,221.00
604,Row 604,228.00
605,Row 605,235.00
606,Row 606,242.00
607,Row 607,249.00
608,Row 608,256.00
609,Row 609,263.00
610,Row 610,270.00
611,Row 611,277.00
612,Row 612,284.00
613,Row 613,291.00
614,Row 614,298.00
615,Row 615,305.00
616,Row 616,312.00
617,Row 617,319.00
618,Row 618,326.00
619,Row 619,333.00
620,Row 620,340.00
621,Row 621,347.00
622,Row 622,354.00
623,Row 623,361.00
624,Row 624,368.00
625,Row 625,375.00
626,Row 626,382.00
627,Row 627,389.00
628,Row 628,396.00
629,Row 629,403.00
630,Row 630,410.00
631,Row 631,417.00
632,Row 632,424.00
633,Row 633,431.00
634,Row 634,438.00
635,Row 635,445.00
636,Row 636,452.00
637,Row 637,459.00
638,Row 638,466.00
639,Row 639,473.00
640,Row 640,480.00
641,Row 641,487.00
642,Row 642,494.00
643,Row 643,501.00
644,Row 644,508.00
645,Row 645,515.00
646,Row 646,522.00
647,Row 647,529.00
648,Row 648,536.00
649,Row 649,543.00
650,Row 650,550.00
651,Row 651,557.00
652,Row 652,564.00
653,Row 653,571.00
654,Row 654,578.00
655,Row 655,585.00
656,Row 656,592.00
657,Row 657,599.00
658,Row 658,606.00
659,Row 659,613.00
660,Row 660,620.00
661,Row 661,627.00
662,Row 662,634.00
663,Row 663,641.00
664,Row 664,648.00
665,Row 665,655.00
666,Row 666,662.00
667,Row 667,669.00
668,Row 668,676.00
669,Row 669,683.00
670,Row 670,690.00
671,Row 671,697.00
672,Row 672,704.00
673,Row 673,711.00
674,Row 674,718.00
675,Row 675,725.00
676,Row 676,732.00
677,Row 677,739.00
678,Row 678,746.00
679,Row 679,753.00
680,Row 680,760.00
681,Row 681,767.00
682,Row 682,774.00
683,Row 683,781.00
684,Row 684,788.00
685,Row 685,795.00
686,Row 686,802.00
687,Row 687,809.00
688,Row 688,816.00
689,Row 689,823.00
690,Row 690,830.00
691,Row 691,837.00
692,Row 692,844.00
693,Row 693,851.00
694,Row 694,858.00
695,Row 695,865.00
696,Row 696,872.00
697,Row 697,879.00
698,Row 698,886.00
699,Row 699,893.00
700,Row 700,900.00
701,Row 701,907.00
702,Row 702,914.00
703,Row 703,921.00
704,Row 704,928.00
705,Row 705,935.00
706,Row 706,942.00
707,Row 707,949.00
708,Row 708,956.00
709,Row 709,963.00
710,Row 710,970.00
711,Row 711,977.00
712,Row 712,984.00
713,Row 713,991.00
714,Row 714,998.00
715,Row 715,5.00
716,Row 716,12.00
717,Row 717,19.00
718,Row 718,26.00
719,Row 719,33.00
720,Row 720,40.00
721,Row 721,47.00
722,Row 722,54.00
723,Row 723,61.00
724,Row 724,68.00
725,Row 725,75.00
726,Row 726,82.00
727,Row 727,89.00
728,Row 728,96.00
729,Row 729,103.00
730,Row 730,110.00
731,Row 731,117.00
732,Row 732,124.00
733,Row 733,131.00
734,Row 734,138.00
735,Row 735,145.00
736,Row 736,152.00
737,Row 737,159.00
738,Row 738,166.00
739,Row 739,173.00
740,Row 740,180.00
741,Row 741,187.00
742,Row 742,194.00
743,Row 743,201.00
744,Row 744,208.00
745,Row 745,215.00
746,Row 746,222.00
747,Row 747,229.00
748,Row 748,236.00
749,Row 749,243.00
750,Row 750,250.00
751,Row 751,257.00
752,Row 752,264.00
753,Row 753,271.00
754,Row 754,278.00
755,Row 755,285.00
756,Row 756,292.00
757,Row 757,299.00
758,Row 758,306.00
759,Row 759,313.00
760,Row 760,320.00
761,Row 761,327.00
762,Row 762,334.00
763,Row 763,341.00
764,Row 764,348.00
765,Row 765,355.00
766,Row 766,362.00
767,Row 767,369.00
768,Row 768,376.00
769,Row 769,383.00
770,Row 770,390.00
771,Row 771,397.00
772,Row 772,404.00
773,Row 773,411.00
774,Row 774,418.00
775,Row 775,425.00
776,Row 776,432.00
777,Row 777,439.00
778,Row 778,446.00
779,Row 779,453.00
780,Row 780,460.00
781,Row 781,467.00
782,Row 782,474.00
783,Row 783,481.00
784,Row 784,488.00
785,Row 785,495.00
786,Row 786,502.00
787,Row 787,509.00
788,Row 788,516.00
789,Row 789,523.00
790,Row 790,530.00
791,Row 791,537.00
792,Row 792,544.00
793,Row 793,551.00
794,Row 794,558.00
795,Row 795,565.00
796,Row 796,572.00
797,Row 797,579.00
798,Row 798,586.00
799,Row 799,593.00
800,Row 800,600.00
801,Row 801,607.00
802,Row 802,614.00
803,Row 803,621.00
804,Row 804,628.00
805,Row 805,635.00
806,Row 806,642.00
807,Row 807,649.00
808,Row 808,656.00
809,Row 809,663.00
810,Row 810,670.00
811,Row 811,677.00
812,Row 812,684.00
813,Row 813,691.00
814,Row 814,698.00
815,Row 815,705.00
816,Row 816,712.00
817,Row 817,719.00
818,Row 818,726.00
819,Row 819,733.00
820,Row 820,740.00
821,Row 821,747.00
822,Row 822,754.00
823,Row 823,761.00
824,Row 824,768.00
825,Row 825,775.00
826,Row 826,782.00
827,Row 827,789.00
828,Row 828,796.00
829,Row 829,803.00
830,Row 830,810.00
831,Row 831,817.00
832,Row 832,824.00
833,Row 833,831.00
834,Row 834,838.00
835,Row 835,845.00
836,Row 836,852.00
837,Row 837,859.00
838,Row 838,866.00
839,Row 839,873.00
840,Row 840,880.00
841,Row 841,887.00
842,Row 842,894.00
843,Row 843,901.00
844,Row 844,908.00
845,Row 845,915.00
846,Row 846,922.00
847,Row 847,929.00
848,Row 848,936.00
849,Row 849,943.00
850,Row 850,950.00
851,Row 851,957.00
852,Row 852,964.00
853,Row 853,971.00
854,Row 854,978.00
855,Row 855,985.00
856,Row 856,992.00
857,Row 857,999.00
858,Row 858,6.00
859,Row 859,13.00
860,Row 860,20.00
861,Row 861,27.00
862,Row 862,34.00
863,Row 863,41.00
864,Row 864,48.00
865,Row 865,55.00
866,Row 866,62.00
867,Row 867,69.00
868,Row 868,76.00
869,Row 869,83.00
870,Row 870,90.00
871,Row 871,97.00
872,Row 872,104.00
873,Row 873,111.00
874,Row 874,118.00
875,Row 875,125.00
876,Row 876,132.00
877,Row 877,139.00
878,Row 878,146.00
879,Row 879,153.00
880,Row 880,160.00
881,Row 881,167.00
882,Row 882,174.00
883,Row 883,181.00
884,Row 884,188.00
885,Row 885,195.00
886,Row 886,202.00
887,Row 887,209.00
888,Row 888,216.00
889,Row 889,223.00
890,Row 890,230.00
891,Row 891,237.00
892,Row 892,244.00
893,Row 893,251.00
894,Row 894,258.00
895,Row 895,265.00
896,Row 896,272.00
897,Row 897,279.00
898,Row 898,286.00
899,Row 899,293.00
900,Row 900,300.00
901,Row 901,307.00
902,Row 902,314.00
903,Row 903,321.00
904,Row 904,328.00
905,Row 905,335.00
906,Row 906,342.00
907,Row 907,349.00
908,Row 908,356.00
909,Row 909,363.00
910,Row 910,370.00
911,Row 911,377.00
912,Row 912,384.00
913,Row 913,391.00
914,Row 914,398.00
915,Row 915,405.00
916,Row 916,412.00
917,Row 917,419.00
918,Row 918,426.00
919,Row 919,433.00
920,Row 920,440.00
921,Row 921,447.00
922,Row 922,454.00
923,Row 923,461.00
924,Row 924,468.00
925,Row 925,475.00
926,Row 926,482.00
927,Row 927,489.00
928,Row 928,496.00
929,Row 929,503.00
930,Row 930,510.00
931,Row 931,517.00
932,Row 932,524.00
933,Row 933,531.00
934,Row 934,538.00
935,Row 935,545.00
936,Row 936,552.00
937,Row 937,559.00
938,Row 938,566.00
939,Row 939,573.00
940,Row 940,580.00
941,Row 941,587.00
942,Row 942,594.00
943,Row 943,601.00
944,Row 944,608.00
945,Row 945,615.00
946,Row 946,622.00
947,Row 947,629.00
948,Row 948,636.00
949,Row 949,643.00
950,Row 950,650.00
951,Row 951,657.00
952,Row 952,664.00
953,Row 953,671.00
954,Row 954,678.00
955,Row 955,685.00
956,Row 956,692.00
957,Row 957,699.00
958,Row 958,706.00
959,Row 959,713.00
960,Row 960,720.00
961,Row 961,727.00
962,Row 962,734.00
963,Row 963,741.00
964,Row 964,748.00
965,Row 965,755.00
966,Row 966,762.00
967,Row 967,769.00
968,Row 968,776.00
969,Row 969,783.00
970,Row 970,790.00
971,Row 971,797.00
972,Row 972,804.00
973,Row 973,811.00
974,Row 974,818.00
975,Row 975,825.00
976,Row 976,832.00
977,Row 977,839.00
978,Row 978,846.00
979,Row 979,853.00
980,Row 980,860.00
981,Row 981,867.00
982,Row 982,874.00
983,Row 983,881.00
984,Row 984,888.00
985,Row 985,895.00
986,Row 986,902.00
987,Row 987,909.00
988,Row 988,916.00
989,Row 989,923.00
990,Row 990,930.00
991,Row 991,937.00
992,Row 992,944.00
993,Row 993,951.00
994,Row 994,958.00
995,Row 995,965.00
996,Row 996,972.00
997,Row 997,979.00
998,Row 998,986.00
999,Row 999,993.00
1000,Row 1000,0.00
1001,Row 1001,7.00
1002,Row 1002,14.00
1003,Row 1003,21.00
1004,Row 1004,28.00
1005,Row 1005,35.00
1006,Row 1006,42.00
1007,Row 1007,49.00
1008,Row 1008,56.00
1009,Row 1009,63.00
1010,Row 1010,70.00
1011,Row 1011,77.00
1012,Row 1012,84.00
1013,Row 1013,91.00
1014,Row 1014,98.00
1015,Row 1015,105.00
1016,Row 1016,112.00
1017,Row 1017,119.00
1018,Row 1018,126.00
1019,Row 1019,133.00
1020,Row 1020,140.00
1021,Row 1021,147.00
1022,Row 1022,154.00
1023,Row 1023,161.00
1024,Row 1024,168.00
1025,Row 1025,175.00
1026,Row 1026,182.00
1027,Row 1027,189.00
1028,Row 1028,196.00
1029,Row 1029,203.00
1030,Row 1030,210.00
1031,Row 1031,217.00
1032,Row 1032,224.00
1033,Row 1033,231.00
1034,Row 1034,238.00
1035,Row 1035,245.00
1036,Row 1036,252.00
1037,Row 1037,259.00
1038,Row 1038,266.00
1039,Row 1039,273.00
1040,Row 1040,280.00
1041,Row 1041,287.00
1042,Row 1042,294.00
1043,Row 1043,301.00
1044,Row 1044,308.00
1045,Row 1045,315.00
1046,Row 1046,322.00
1047,Row 1047,329.00
1048,Row 1048,336.00
1049,Row 1049,343.00
1050,Row 1050,350.00
1051,Row 1051,357.00
1052,Row 1052,364.00
1053,Row 1053,371.00
1054,Row 1054,378.00
1055,Row 1055,385.00
1056,Row 1056,392.00
1057,Row 1057,399.00
1058,Row 1058,406.00
1059,Row 1059,413.00
1060,Row 1060,420.00
1061,Row 1061,427.00
1062,Row 1062,434.00
1063,Row 1063,441.00
1064,Row 1064,448.00
1065,Row 1065,455.00
1066,Row 1066,462.00
1067,Row 1067,469.00
1068,Row 1068,476.00
1069,Row 1069,483.00
1070,Row 1070,490.00
1071,Row 1071,497.00
1072,Row 1072,504.00
1073,Row 1073,511.00
1074,Row 1074,518.00
1075,Row 1075,525.00
1076,Row 1076,532.00
1077,Row 1077,539.00
1078,Row 1078,546.00
1079,Row 1079,553.00
1080,Row 1080,560.00
1081,Row 1081,567.00
1082,Row 1082,574.00
1083,Row 1083,581.00
1084,Row 1084,588.00
1085,Row 1085,595.00
1086,Row 1086,602.00
1087,Row 1087,609.00
1088,Row 1088,616.00
1089,Row 1089,623.00
1090,Row 1090,630.00
1091,Row 1091,637.00
1092,Row 1092,644.00
1093,Row 1093,651.00
1094,Row 1094,658.00
1095,Row 1095,665.00
1096,Row 1096,672.00
1097,Row 1097,679.00
1098,Row 1098,686.00
1099,Row 1099,693.00
1100,Row 1100,700.00
1101,Row 1101,707.00
1102,Row 1102,714.00
1103,Row 1103,721.00
1104,Row 1104,728.00
1105,Row 1105,735.00
1106,Row 1106,742.00
1107,Row 1107,749.00
1108,Row 1108,756.00
1109,Row 1109,763.00
1110,Row 1110,770.00
1111,Row 1111,777.00
1112,Row 1112,784.00
1113,Row 1113,791.00
1114,Row 1114,798.00
1115,Row 1115,805.00
1116,Row 1116,812.00
1117,Row 1117,819.00
1118,Row 1118,826.00
1119,Row 1119,833.00
1120,Row 1120,840.00
1121,Row 1121,847.00
1122,Row 1122,854.00
1123,Row 1123,861.00
1124,Row 1124,868.00
1125,Row 1125,875.00
1126,Row 1126,882.00
1127,Row 1127,889.00
1128,Row 1128,896.00
1129,Row 1129,903.00
1130,Row 1130,910.00
1131,Row 1131,917.00
1132,Row 1132,924.00
1133,Row 1133,931.00
1134,Row 1134,938.00
1135,Row 1135,945.00
1136,Row 1136,952.00
1137,Row 1137,959.00
1138,Row 1138,966.00
1139,Row 1139,973.00
1140,Row 1140,980.00
1141,Row 1141,987.00
1142,Row 1142,994.00
1143,Row 1143,1.00
1144,Row 1144,8.00
1145,Row 1145,15.00
1146,Row 1146,22.00
1147,Row 1147,29.00
1148,Row 1148,36.00
1149,Row 1149,43.00
1150,Row 1150,50.00
1151,Row 1151,57.00
1152,Row 1152,64.00
1153,Row 1153,71.00
1154,Row 1154,78.00
1155,Row 1155,85.00
1156,Row 1156,92.00
1157,Row 1157,99.00
1158,Row 1158,106.00
1159,Row 1159,113.00
1160,Row 1160,120.00
1161,Row 1161,127.00
1162,Row 1162,134.00
1163,Row 1163,141.00
1164,Row 1164,148.00
1165,Row 1165,155.00
1166,Row 1166,162.00
1167,Row 1167,169.00
1168,Row 1168,176.00
1169,Row 1169,183.00
1170,Row 1170,190.00
1171,Row 1171,197.00
1172,Row 1172,204.00
1173,Row 1173,211.00
1174,Row 1174,218.00
1175,Row 1175,225.00
1176,Row 1176,232.00
1177,Row 1177,239.00
1178,Row 1178,246.00
1179,Row 1179,253.00
1180,Row 1180,260.00
1181,Row 1181,267.00
1182,Row 1182,274.00
1183,Row 1183,281.00
1184,Row 1184,288.00
1185,Row 1185,295.00
1186,Row 1186,302.00
1187,Row 1187,309.00
1188,Row 1188,316.00
1189,Row 1189,323.00
1190,Row 1190,330.00
1191,Row 1191,337.00
1192,Row 1192,344.00
1193,Row 1193,351.00
1194,Row 1194,358.00
1195,Row 1195,365.00
1196,Row 1196,372.00
1197,Row 1197,379.00
1198,Row 1198,386.00
1199,Row 1199,393.00
1200,Row 1200,400.00
1201,Row 1201,407.00
1202,Row 1202,414.00
1203,Row 1203,421.00
1204,Row 1204,428.00
1205,Row 1205,435.00
1206,Row 1206,442.00
1207,Row 1207,449.00
1208,Row 1208,456.00
1209,Row 1209,463.00
1210,Row 1210,470.00
1211,Row 1211,477.00
1212,Row 1212,484.00
1213,Row 1213,491.00
1214,Row 1214,498.00
1215,Row 1215,505.00
1216,Row 1216,512.00
1217,Row 1217,519.00
1218,Row 1218,526.00
1219,Row 1219,533.00
1220,Row 1220,540.00
1221,Row 1221,547.00
1222,Row 1222,554.00
1223,Row 1223,561.00
1224,Row 1224,568.00
1225,Row 1225,575.00
1226,Row 1226,582.00
1227,Row 1227,589.00
1228,Row 1228,596.00
1229,Row 1229,603.00
1230,Row 1230,610.00
1231,Row 1231,617.00
1232,Row 1232,624.00
1233,Row 1233,631.00
1234,Row 1234,638.00
1235,Row 1235,645.00
1236,Row 1236,652.00
1237,Row 1237,659.00
1238,Row 1238,666.00
1239,Row 1239,673.00
1240,Row 1240,680.00
1241,Row 1241,687.00
1242,Row 1242,694.00
1243,Row 1243,701.00
1244,Row 1244,708.00
1245,Row 1245,715.00
1246,Row 1246,722.00
1247,Row 1247,729.00
1248,Row 1248,736.00
1249,Row 1249,743.00
1250,Row 1250,750.00
1251,Row 1251,757.00
1252,Row 1252,764.00
1253,Row 1253,771.00
1254,Row 1254,778.00
1255,Row 1255,785.00
1256,Row 1256,792.00
1257,Row 1257,799.00
1258,Row 1258,806.00
1259,Row 1259,813.00
1260,Row 1260,820.00
1261,Row 1261,827.00
1262,Row 1262,834.00
1263,Row 1263,841.00
1264,Row 1264,848.00
1265,Row 1265,855.00
1266,Row 1266,862.00
1267,Row 1267,869.00
1268,Row 1268,876.00
1269,Row 1269,883.00
1270,Row 1270,890.00
1271,Row 1271,897.00
1272,Row 1272,904.00
1273,Row 1273,911.00
1274,Row 1274,918.00
1275,Row 1275,925.00
1276,Row 1276,932.00
1277,Row 1277,939.00
1278,Row 1278,946.00
1279,Row 1279,953.00
1280,Row 1280,960.00
1281,Row 1281,967.00
1282,Row 1282,974.00
1283,Row 1283,981.00
1284,Row 1284,988.00
1285,Row 1285,995.00
1286,Row 1286,2.00
1287,Row 1287,9.00
1288,Row 1288,16.00
1289,Row 1289,23.00
1290,Row 1290,30.00
1291,Row 1291,37.00
1292,Row 1292,44.00
1293,Row 1293,51.00
1294,Row 1294,58.00
1295,Row 1295,65.00
1296,Row 1296,72.00
1297,Row 1297,79.00
1298,Row 1298,86.00
1299,Row 1299,93.00
1300,Row 1300,100.00
1301,Row 1301,107.00
1302,Row 1302,114.00
1303,Row 1303,121.00
1304,Row 1304,128.00
1305,Row 1305,135.00
1306,Row 1306,142.00
1307,Row 1307,149.00
1308,Row 1308,156.00
1309,Row 1309,163.00
1310,Row 1310,170.00
1311,Row 1311,177.00
1312,Row 1312,184.00
1313,Row 1313,191.00
1314,Row 1314,198.00
1315,Row 1315,205.00
1316,Row 1316,212.00
1317,Row 1317,219.00
1318,Row 1318,226.00
1319,Row 1319,233.00
1320,Row 1320,240.00
1321,Row 1321,247.00
1322,Row 1322,254.00
1323,Row 1323,261.00
1324,Row 1324,268.00
1325,Row 1325,275.00
1326,Row 1326,282.00
1327,Row 1327,289.00
1328,Row 1328,296.00
1329,Row 1329,303.00
1330,Row 1330,310.00
1331,Row 1331,317.00
1332,Row 1332,324.00
1333,Row 1333,331.00
1334,Row 1334,338.00
1335,Row 1335,345.00
1336,Row 1336,352.00
1337,Row 1337,359.00
1338,Row 1338,366.00
1339,Row 1339,373.00
1340,Row 1340,380.00
1341,Row 1341,387.00
1342,Row 1342,394.00
1343,Row 1343,401.00
1344,Row 1344,408.00
1345,Row 1345,415.00
1346,Row 1346,422.00
1347,Row 1347,429.00
1348,Row 1348,436.00
1349,Row 1349,443.00
1350,Row 1350,450.00
1351,Row 1351,457.00
1352,Row 1352,464.00
1353,Row 1353,471.00
1354,Row 1354,478.00
1355,Row 1355,485.00
1356,Row 1356,492.00
1357,Row 1357,499.00
1358,Row 1358,506.00
1359,Row 1359,513.00
1360,Row 1360,520.00
1361,Row 1361,527.00
1362,Row 1362,534.00
1363,Row 1363,541.00
1364,Row 1364,548.00
1365,Row 1365,555.00
1366,Row 1366,562.00
1367,Row 1367,569.00
1368,Row 1368,576.00
1369,Row 1369,583.00
1370,Row 1370,590.00
1371,Row 1371,597.00
1372,Row 1372,604.00
1373,Row 1373,611.00
1374,Row 1374,618.00
1375,Row 1375,625.00
1376,Row 1376,632.00
1377,Row 1377,639.00
1378,Row 1378,646.00
1379,Row 1379,653.00
1380,Row 1380,660.00
1381,Row 1381,667.00
1382,Row 1382,674.00
1383,Row 1383,681.00
1384,Row 1384,688.00
1385,Row 1385,695.00
1386,Row 1386,702.00
1387,Row 1387,709.00
1388,Row 1388,716.00
1389,Row 1389,723.00
1390,Row 1390,730.00
1391,Row 1391,737.00
1392,Row 1392,744.00
1393,Row 1393,751.00
1394,Row 1394,758.00
1395,Row 1395,765.00
1396,Row 1396,772.00
1397,Row 1397,779.00
1398,Row 1398,786.00
1399,Row 1399,793.00
1400,Row 1400,800.00
1401,Row 1401,807.00
1402,Row 1402,814.00
1403,Row 1403,821.00
1404,Row 1404,828.00
1405,Row 1405,835.00
1406,Row 1406,842.00
1407,Row 1407,849.00
1408,Row 1408,856.00
1409,Row 1409,863.00
1410,Row 1410,870.00
1411,Row 1411,877.00
1412,Row 1412,884.00
1413,Row 1413,891.00
1414,Row 1414,898.00
1415,Row 1415,905.00
1416,Row 1416,912.00
1417,Row 1417,919.00
1418,Row 1418,926.00
1419,Row 1419,933.00
1420,Row 1420,940.00
1421,Row 1421,947.00
1422,Row 1422,954.00
1423,Row 1423,961.00
1424,Row 1424,968.00
1425,Row 1425,975.00
1426,Row 1426,982.00
1427,Row 1427,989.00
1428,Row 1428,996.00
1429,Row 1429,3.00
1430,Row 1430,10.00
1431,Row 1431,17.00
1432,Row 1432,24.00
1433,Row 1433,31.00
1434,Row 1434,38.00
1435,Row 1435,45.00
1436,Row 1436,52.00
1437,Row 1437,59.00
1438,Row 1438,66.00
1439,Row 1439,73.00
1440,Row 1440,80.00
1441,Row 1441,87.00
1442,Row 1442,94.00
1443,Row 1443,101.00
1444,Row 1444,108.00
1445,Row 1445,115.00
1446,Row 1446,122.00
1447,Row 1447,129.00
1448,Row 1448,136.00
1449,Row 1449,143.00
1450,Row 1450,150.00
1451,Row 1451,157.00
1452,Row 1452,164.00
1453,Row 1453,171.00
1454,Row 1454,178.00
1455,Row 1455,185.00
1456,Row 1456,192.00
1457,Row 1457,199.00
1458,Row 1458,206.00
1459,Row 1459,213.00
1460,Row 1460,220.00
1461,Row 1461,227.00
1462,Row 1462,234.00
1463,Row 1463,241.00
1464,Row 1464,248.00
1465,Row 1465,255.00
1466,Row 1466,262.00
1467,Row 1467,269.00
1468,Row 1468,276.00
1469,Row 1469,283.00
1470,Row 1470,290.00
1471,Row 1471,297.00
1472,Row 1472,304.00
1473,Row 1473,311.00
1474,Row 1474,318.00
1475,Row 1475,325.00
1476,Row 1476,332.00
1477,Row 1477,339.00
1478,Row 1478,346.00
1479,Row 1479,353.00
1480,Row 1480,360.00
1481,Row 1481,367.00
1482,Row 1482,374.00
1483,Row 1483,381.00
1484,Row 1484,388.00
1485,Row 1485,395.00
1486,Row 1486,402.00
1487,Row 1487,409.00
1488,Row 1488,416.00
1489,Row 1489,423.00
1490,Row 1490,430.00
1491,Row 1491,437.00
1492,Row 1492,444.00
1493,Row 1493,451.00
1494,Row 1494,458.00
1495,Row 1495,465.00
1496,Row 1496,472.00
1497,Row 1497,479.00
1498,Row 1498,486.00
1499,Row 1499,493.00
1500,Row 1500,500.00
